<QueryFreeUnitEnvelope xmlns:soapenv="http://schemas.xmlsoap.org/soap/envelope/">
    <soapenv:Header/>
    <soapenv:Body>
        <ns3:QueryFreeUnitRequestMsg xmlns:ns3="http://www.huawei.com/bme/cbsinterface/bbservices">
            <RequestHeader>
                <ns1:Version xmlns:ns1="http://www.huawei.com/bme/cbsinterface/cbscommon">
                    <version>1</version>
                </ns1:Version>
                <ns1:BusinessCode xmlns:ns3="http://www.huawei.com/bme/cbsinterface/cbscommon">
                    <businessCode>queryFreeUnit</businessCode>
                </ns1:BusinessCode>
                <ns1:MessageSeq xmlns:ns3="http://www.huawei.com/bme/cbsinterface/cbscommon">
                    <messageSeq>663_20180818_112259_335007672399</messageSeq>
                </ns1:MessageSeq>
                <OwnershipInfo>
                    <beid>10101</beid>
                    <BEID>10101</BEID>
                </OwnershipInfo>
                <AccessSecurity>
                    <LoginSystemCode>714</LoginSystemCode>
                    <Password>i3qsntAtJug0YxeTIr+7Ij0gR9Dgz02gTwWd3E9uhfI=</Password>
                </AccessSecurity>
                <OperatorInfo>
                    <OperatorID>714</OperatorID>
                    <ChannelID>714</ChannelID>
                </OperatorInfo>
            </RequestHeader>
            <QueryFreeUnitRequest>
                <ns3:QueryObj>
                    <ns3:SubAccessCode xmlns:ns2="http://www.huawei.com/bme/cbsinterface/bbcommon">
                        <ns2:PrimaryIdentity>9921906571</ns2:PrimaryIdentity>
                    </ns3:SubAccessCode>
                </ns3:QueryObj>
            </QueryFreeUnitRequest>
        </ns3:QueryFreeUnitRequestMsg>
    </soapenv:Body>
</QueryFreeUnitEnvelope>