<soapenv:Envelope xmlns:soapenv="http://schemas.xmlsoap.org/soap/envelope/">
    <soapenv:Header/>
    <soapenv:Body>
        <ars:QueryBalanceRequestMsg xmlns:ars="http://www.huawei.com/bme/cbsinterface/arservices">
            <RequestHeader>
                <wstxns1:xmlns:cbs xmlns:wstxns1="http://www.huawei.com/bme/cbsinterface/cbscommon">1</wstxns1:xmlns:cbs>
                <cbs:BusinessCode xmlns:cbs="http://www.huawei.com/bme/cbsinterface/cbscommon">
                    <businessCode/>
                </cbs:BusinessCode>
                <cbs:MessageSeq xmlns:cbs="http://www.huawei.com/bme/cbsinterface/cbscommon"/>
                <OwnershipInfo xmlns="http://www.huawei.com/bme/cbsinterface/cbscommon">
                    <BEID>10101</BEID>
                </OwnershipInfo>
                <AccessSecurity xmlns="http://www.huawei.com/bme/cbsinterface/cbscommon">
                    <LoginSystemCode>714</LoginSystemCode>
                    <Password>i3qsntAtJug0YxeTIr+7Ij0gR9Dgz02gTwWd3E9uhfI=</Password>
                </AccessSecurity>
                <OperatorInfo xmlns="http://www.huawei.com/bme/cbsinterface/cbscommon">
                    <OperatorID>714</OperatorID>
                    <ChannelID>714</ChannelID>
                </OperatorInfo>
            </RequestHeader>
            <QueryBalanceRequest>
                <ars:QueryObj>
                    <ars:SubAccessCode>
                        <arc:PrimaryIdentity xmlns:arc="http://cbs.huawei.com/ar/wsservice/arcommon">
                            <arc:PrimaryIdentity>9921906571</arc:PrimaryIdentity>
                        </arc:PrimaryIdentity>
                    </ars:SubAccessCode>
                </ars:QueryObj>
            </QueryBalanceRequest>
        </ars:QueryBalanceRequestMsg>
    </soapenv:Body>
</soapenv:Envelope>